geo,time,reported,aggregated,abs_diff,rel_diff
BG,1998-Q3,5.5,5.5,0.0,0.0
BG,1998-Q4,6.2,6.113636363636364,0.08636363636363598,0.013929618768328383
BG,1999-Q3,5.25,5.336363636363636,0.08636363636363598,0.016450216450216375
BG,1999-Q4,6.09,6.09,0.0,0.0
BG,2000-Q1,4.09,4.083333333333333,0.006666666666666821,0.0016299918500407874
BG,2000-Q2,4.9,4.763333333333334,0.13666666666666671,0.02789115646258504
BG,2000-Q3,4.82,4.825,0.004999999999999893,0.0010373443983402268
BG,2000-Q4,5.0,5.033333333333334,0.0333333333333341,0.006666666666666821
BG,2001-Q1,4.47,4.46,0.009999999999999787,0.002237136465324337
BG,2001-Q2,4.97,4.97,0.0,0.0
BG,2001-Q3,5.49,5.493333333333333,0.0033333333333329662,0.0006071645415907042
BG,2001-Q4,5.28,5.293333333333333,0.013333333333332753,0.0025252525252524153
BG,2002-Q1,5.29,5.29,0.0,0.0
BG,2002-Q2,4.82,4.758333333333334,0.061666666666666536,0.012793914246196376
BG,2002-Q3,5.65,5.596666666666667,0.05333333333333368,0.00943952802359888
BG,2002-Q4,4.23,4.226666666666667,0.0033333333333338544,0.0007880220646179324
BG,2003-Q1,3.09,3.0933333333333333,0.0033333333333334103,0.0010787486515642106
BG,2003-Q2,4.27,4.266666666666667,0.0033333333333329662,0.0007806401249023341
BG,2003-Q3,3.65,3.6500000000000004,4.440892098500626e-16,1.2166827667125003e-16
BG,2003-Q4,3.72,3.716666666666667,0.0033333333333334103,0.0008960573476702715
BG,2004-Q1,3.45,3.4499999999999997,4.440892098500626e-16,1.2872151010146743e-16
BG,2004-Q2,4.43,4.423333333333333,0.006666666666666821,0.0015048908954101176
BG,2004-Q3,3.47,3.466666666666667,0.0033333333333334103,0.0009606147934678415
BG,2004-Q4,3.62,3.6166666666666667,0.0033333333333334103,0.0009208103130755277
BG,2005-Q1,3.63,3.6300000000000003,4.440892098500626e-16,1.2233862530304756e-16
BG,2005-Q2,3.62,3.616666666666667,0.0033333333333329662,0.000920810313075405
BG,2005-Q3,3.62,3.6166666666666667,0.0033333333333334103,0.0009208103130755277
BG,2005-Q4,3.6,3.603333333333333,0.0033333333333329662,0.0009259259259258239
BG,2006-Q1,3.6,3.5966666666666662,0.0033333333333338544,0.0009259259259260706
BG,2006-Q2,3.59,3.5933333333333333,0.0033333333333334103,0.0009285051067781087
BG,2006-Q3,3.69,3.69,0.0,0.0
BG,2006-Q4,3.88,3.8766666666666665,0.0033333333333334103,0.0008591065292096418
BG,2007-Q1,4.11,4.113333333333333,0.0033333333333329662,0.0008110300081102107
BG,2007-Q2,4.41,4.41,0.0,0.0
BG,2007-Q3,4.91,4.913333333333333,0.0033333333333329662,0.0006788866259333943
BG,2007-Q4,6.15,6.156666666666666,0.0066666666666659324,0.0010840108401082816
BG,2008-Q1,6.63,6.626666666666666,0.0033333333333338544,0.0005027652086476401
BG,2008-Q2,6.89,6.89,0.0,0.0
BG,2008-Q3,7.27,7.273333333333333,0.0033333333333338544,0.00045850527281070903
BG,2008-Q4,7.77,7.773333333333333,0.0033333333333338544,0.00042900042900049606
BG,2009-Q1,6.74,6.739999999999999,8.881784197001252e-16,1.3177721360535982e-16
BG,2009-Q2,5.99,5.990000000000001,8.881784197001252e-16,1.482768647245618e-16
BG,2009-Q3,5.37,5.366666666666667,0.0033333333333329662,0.0006207324643078149
BG,2009-Q4,4.78,4.783333333333334,0.0033333333333338544,0.0006973500697351159
BG,2010-Q1,4.31,4.3066666666666675,0.003333333333332078,0.0007733952049494381
BG,2010-Q2,4.19,4.193333333333333,0.0033333333333329662,0.0007955449482894907
BG,2010-Q3,4.02,4.0233333333333325,0.0033333333333329662,0.0008291873963514842
BG,2010-Q4,3.97,3.97,0.0,0.0
BG,2011-Q1,3.9,3.8966666666666665,0.0033333333333334103,0.0008547008547008744
BG,2011-Q2,3.77,3.766666666666667,0.0033333333333329662,0.000884173297966304
BG,2011-Q3,3.72,3.72,0.0,0.0
BG,2011-Q4,3.65,3.6533333333333338,0.0033333333333338544,0.0009132420091325629
BG,2012-Q1,3.15,3.1466666666666665,0.0033333333333334103,0.0010582010582010828
BG,2012-Q2,2.58,2.5833333333333335,0.0033333333333334103,0.001291989664082717
BG,2012-Q3,1.81,1.8099999999999998,2.220446049250313e-16,1.2267657730664714e-16
BG,2012-Q4,1.47,1.4666666666666666,0.0033333333333334103,0.0022675736961451773
BG,2013-Q1,1.24,1.2433333333333334,0.0033333333333334103,0.002688172043010815
BG,2013-Q2,1.21,1.21,0.0,0.0
BG,2013-Q3,1.11,1.1066666666666667,0.0033333333333334103,0.003003003003003072
BG,2013-Q4,0.99,0.9899999999999999,1.1102230246251565e-16,1.1214373986112693e-16
BG,2014-Q1,0.89,0.8933333333333334,0.0033333333333334103,0.0037453183520600114
BG,2014-Q2,0.82,0.8233333333333333,0.0033333333333332993,0.004065040650406463
BG,2014-Q3,0.73,0.7266666666666666,0.0033333333333334103,0.004566210045662206
BG,2014-Q4,0.66,0.67,0.010000000000000009,0.015151515151515164
BG,2015-Q1,0.61,0.6133333333333333,0.0033333333333332993,0.005464480874316884
CZ,1996-Q1,10.86,10.856666666666667,0.003333333333332078,0.00030693677102505327
CZ,1996-Q2,11.82,11.823333333333332,0.003333333333332078,0.00028200789622098796
CZ,1996-Q3,12.69,12.693333333333335,0.0033333333333356308,0.0002626740215394508
CZ,1996-Q4,12.69,12.686666666666667,0.003333333333332078,0.00026267402153917085
CZ,1997-Q1,12.39,12.386666666666665,0.0033333333333356308,0.00026903416733943747
CZ,1997-Q2,19.69,19.673333333333332,0.016666666666669272,0.0008464533604199731
CZ,1997-Q3,15.48,15.476666666666667,0.0033333333333338544,0.00021533161068048155
CZ,1997-Q4,16.46,16.459999999999997,3.552713678800501e-15,2.1583922714462338e-16
CZ,1998-Q1,16.01,16.01,0.0,0.0
CZ,1998-Q2,15.61,15.610000000000001,1.7763568394002505e-15,1.1379608196029791e-16
CZ,1998-Q3,14.19,14.183333333333332,0.006666666666667709,0.00046981442330286887
CZ,1998-Q4,11.53,11.53,0.0,0.0
CZ,1999-Q1,8.08,8.083333333333334,0.0033333333333338544,0.000412541254125477
CZ,1999-Q2,7.0,7.0,0.0,0.0
CZ,1999-Q3,6.45,6.45,0.0,0.0
CZ,1999-Q4,5.88,5.88,0.0,0.0
CZ,2000-Q1,5.39,5.386666666666666,0.0033333333333338544,0.000618429189857858
CZ,2000-Q2,5.33,5.326666666666667,0.0033333333333329662,0.0006253908692932395
CZ,2000-Q3,5.34,5.343333333333334,0.0033333333333338544,0.0006242197253434184
CZ,2000-Q4,5.41,5.406666666666666,0.0033333333333338544,0.0006161429451633742
CZ,2001-Q1,5.22,5.22,0.0,0.0
CZ,2001-Q2,5.04,5.043333333333333,0.0033333333333329662,0.0006613756613755885
CZ,2001-Q3,5.41,5.41,0.0,0.0
CZ,2001-Q4,5.02,5.0200000000000005,8.881784197001252e-16,1.769279720518178e-16
CZ,2002-Q1,4.39,4.383333333333333,0.006666666666666821,0.0015186028853455174
CZ,2002-Q2,3.93,3.933333333333333,0.0033333333333329662,0.0008481764206954112
CZ,2002-Q3,3.14,3.14,0.0,0.0
CZ,2002-Q4,2.74,2.7399999999999998,4.440892098500626e-16,1.6207635395987687e-16
CZ,2003-Q1,2.5,2.5,0.0,0.0
CZ,2003-Q2,2.41,2.41,0.0,0.0
CZ,2003-Q3,2.12,2.1233333333333335,0.0033333333333334103,0.0015723270440251935
CZ,2003-Q4,2.07,2.07,0.0,0.0
CZ,2004-Q1,2.06,2.06,0.0,0.0
CZ,2004-Q2,2.18,2.1833333333333336,0.0033333333333334103,0.0015290519877676192
CZ,2004-Q3,2.59,2.5866666666666664,0.0033333333333334103,0.0012870012870013169
CZ,2004-Q4,2.62,2.6166666666666667,0.0033333333333334103,0.0012722646310432864
CZ,2005-Q1,2.29,2.2866666666666666,0.0033333333333334103,0.0014556040756914456
CZ,2005-Q2,1.85,1.8533333333333333,0.0033333333333331883,0.0018018018018017233
CZ,2005-Q3,1.79,1.79,0.0,0.0
CZ,2005-Q4,2.11,2.106666666666667,0.0033333333333329662,0.0015797788309634912
CZ,2006-Q1,2.08,2.0733333333333337,0.0066666666666663765,0.0032051282051280654
CZ,2006-Q2,2.13,2.1300000000000003,4.440892098500626e-16,2.0849258678406696e-16
CZ,2006-Q3,2.38,2.3800000000000003,4.440892098500626e-16,1.865921049790179e-16
CZ,2006-Q4,2.62,2.6166666666666667,0.0033333333333334103,0.0012722646310432864
CZ,2007-Q1,2.58,2.5766666666666667,0.0033333333333334103,0.001291989664082717
CZ,2007-Q2,2.77,2.766666666666667,0.0033333333333329662,0.0012033694344162334
CZ,2007-Q3,3.27,3.2699999999999996,4.440892098500626e-16,1.358070978134748e-16
CZ,2007-Q4,3.78,3.776666666666666,0.0033333333333338544,0.0008818342151676864
CZ,2008-Q1,3.98,3.9800000000000004,4.440892098500626e-16,1.1158020347991522e-16
CZ,2008-Q2,4.15,4.153333333333333,0.0033333333333329662,0.0008032128514055339
CZ,2008-Q3,3.91,3.91,0.0,0.0
CZ,2008-Q4,4.11,4.1066666666666665,0.0033333333333338544,0.0008110300081104268
CZ,2009-Q1,2.72,2.7100000000000004,0.009999999999999787,0.0036764705882352156
CZ,2009-Q2,2.32,2.3233333333333333,0.0033333333333334103,0.0014367816091954357
CZ,2009-Q3,1.96,1.9633333333333332,0.0033333333333331883,0.0017006802721087695
CZ,2009-Q4,1.77,1.7699999999999998,2.220446049250313e-16,1.2544892933617588e-16
CZ,2010-Q1,1.5,1.5,0.0,0.0
CZ,2010-Q2,1.31,1.3099999999999998,2.220446049250313e-16,1.6949969841605442e-16
CZ,2010-Q3,1.23,1.2299999999999998,2.220446049250313e-16,1.805240690447409e-16
CZ,2010-Q4,1.21,1.2133333333333332,0.0033333333333331883,0.002754820936638999
CZ,2011-Q1,1.21,1.2066666666666668,0.0033333333333331883,0.002754820936638999
CZ,2011-Q2,1.21,1.21,0.0,0.0
CZ,2011-Q3,1.18,1.1833333333333333,0.0033333333333334103,0.0028248587570622124
CZ,2011-Q4,1.16,1.16,0.0,0.0
CZ,2012-Q1,1.2,1.2,0.0,0.0
CZ,2012-Q2,1.23,1.23,0.0,0.0
CZ,2012-Q3,0.98,0.9766666666666667,0.0033333333333332993,0.0034013605442176523
CZ,2012-Q4,0.58,0.5833333333333334,0.0033333333333334103,0.005747126436781743
CZ,2013-Q1,0.5,0.49666666666666665,0.003333333333333355,0.00666666666666671
CZ,2013-Q2,0.46,0.4633333333333333,0.0033333333333332993,0.007246376811594128
CZ,2013-Q3,0.46,0.4566666666666667,0.0033333333333332993,0.007246376811594128
CZ,2013-Q4,0.41,0.41,0.0,0.0
CZ,2014-Q1,0.37,0.36999999999999994,5.551115123125783e-17,1.50030138462859e-16
CZ,2014-Q2,0.36,0.3633333333333333,0.0033333333333332993,0.009259259259259165
CZ,2014-Q3,0.35,0.3499999999999999,5.551115123125783e-17,1.5860328923216522e-16
CZ,2014-Q4,0.34,0.3433333333333333,0.0033333333333332993,0.00980392156862735
CZ,2015-Q1,0.33,0.32666666666666666,0.003333333333333355,0.010101010101010166
DK,1996-Q1,4.45536,4.451956666666667,0.0034033333333329807,0.0007638739256385524
DK,1996-Q2,3.92277,3.9251,0.0023300000000001653,0.0005939680378916341
DK,1996-Q3,3.89515,3.8937633333333337,0.0013866666666664251,0.0003559982713544857
DK,1996-Q4,3.66304,3.6629766666666668,6.333333333330415e-5,1.7289828484893462e-5
DK,1997-Q1,3.64706,3.6471000000000005,4.000000000026205e-5,1.0967738397575594e-5
DK,1997-Q2,3.64212,3.6418166666666667,0.0003033333333331001,8.32848267858006e-5
DK,1997-Q3,3.64645,3.64696,0.0005099999999997884,0.00013986205761762493
DK,1997-Q4,3.98761,3.9886333333333326,0.0010233333333324879,0.00025662823930436724
DK,1998-Q1,3.89784,3.8972499999999997,0.0005900000000003125,0.00015136588469519336
DK,1998-Q2,4.20854,4.214173333333333,0.005633333333332935,0.0013385481267453642
DK,1998-Q3,4.47121,4.473636666666667,0.002426666666666577,0.0005427315350132463
DK,1998-Q4,4.50027,4.503253333333333,0.0029833333333328937,0.000662923187571611
DK,1999-Q1,3.64836,3.65384,0.0054800000000003735,0.001502044754355484
DK,1999-Q2,3.132,3.1316399999999995,0.0003600000000005821,0.00011494252873581803
DK,1999-Q3,3.18519,3.18519,0.0,0.0
DK,1999-Q4,3.78223,3.7805999999999997,0.0016300000000004644,0.0004309626860345522
DK,2000-Q1,3.95219,3.9448066666666666,0.007383333333333297,0.001868162546166378
DK,2000-Q2,4.73423,4.722313333333333,0.01191666666666702,0.0025171287974321103
DK,2000-Q3,5.83788,5.843613333333334,0.00573333333333359,0.000982091672547841
DK,2000-Q4,5.4795,5.47807,0.0014300000000000423,0.00026097271648873845
DK,2001-Q1,5.26014,5.259233333333333,0.0009066666666663892,0.0001723655010449131
DK,2001-Q2,5.06323,5.061773333333334,0.0014566666666659955,0.0002876951405853567
DK,2001-Q3,4.73473,4.724493333333333,0.010236666666666672,0.0021620381028414864
DK,2001-Q4,3.77008,3.7651566666666665,0.004923333333333613,0.0013058962497701939
DK,2002-Q1,3.62656,3.6260100000000004,0.0005499999999996064,0.00015165887231966557
DK,2002-Q2,3.708,3.708493333333333,0.0004933333333330125,0.00013304566702616302
DK,2002-Q3,3.57311,3.56969,0.0034199999999997566,0.0009571493740746175
DK,2002-Q4,3.27257,3.27068,0.0018899999999999473,0.0005775277534170231
DK,2003-Q1,2.82965,2.825113333333333,0.004536666666667077,0.0016032607095107442
DK,2003-Q2,2.47862,2.4746566666666667,0.003963333333333097,0.0015990080501783641
DK,2003-Q3,2.18288,2.1829833333333335,0.0001033333333335662,4.7338073248903375e-5
DK,2003-Q4,2.21057,2.210656666666667,8.666666666679035e-5,3.920557442957714e-5
DK,2004-Q1,2.17208,2.1727066666666666,0.0006266666666667753,0.00028850993824664623
DK,2004-Q2,2.19142,2.1914933333333333,7.333333333336967e-5,3.346384231839158e-5
DK,2004-Q3,2.21261,2.212616666666667,6.666666666710341e-6,3.013032873714907e-6
DK,2004-Q4,2.20326,2.20337,0.00010999999999983245,4.992601871764224e-5
DK,2005-Q1,2.19035,2.19047,0.00011999999999989797,5.4785764832057874e-5
DK,2005-Q2,2.17244,2.17257,0.00012999999999996348,5.98405479552777e-5
DK,2005-Q3,2.17091,2.17076,0.0001500000000000945,6.90954484525358e-5
DK,2005-Q4,2.36542,2.363183333333333,0.0022366666666666646,0.0009455685107366407
DK,2006-Q1,2.6798,2.6765733333333337,0.003226666666666489,0.0012040699554692472
DK,2006-Q2,2.99363,2.99157,0.002060000000000173,0.0006881277913436773
DK,2006-Q3,3.32741,3.32729,0.00011999999999989797,3.606408588057918e-5
DK,2006-Q4,3.72472,3.7264766666666667,0.0017566666666666286,0.0004716238178082188
DK,2007-Q1,3.99433,3.9954933333333336,0.001163333333333405,0.00029124617478611055
DK,2007-Q2,4.27228,4.271963333333333,0.00031666666666740895,7.412123425136202e-5
DK,2007-Q3,4.63577,4.641866666666667,0.006096666666667083,0.0013151357092062556
DK,2007-Q4,4.85603,4.857279999999999,0.0012499999999997513,0.0002574119187895774
DK,2008-Q1,4.71682,4.716539999999999,0.00028000000000094616,5.9362027807070474e-5
DK,2008-Q2,5.15187,5.154483333333333,0.0026133333333335784,0.0005072591764414821
DK,2008-Q3,5.39321,5.393276666666666,6.666666666621524e-5,1.2361222104500889e-5
DK,2008-Q4,5.77275,5.7859300000000005,0.013180000000000192,0.0022831406175566568
DK,2009-Q1,3.85986,3.859853333333333,6.666666666710341e-6,1.7271783605390717e-6
DK,2009-Q2,2.65106,2.6512766666666665,0.00021666666666630974,8.172831496318821e-5
DK,2009-Q3,1.92346,1.9215499999999999,0.0019100000000000783,0.0009930021939630034
DK,2009-Q4,1.56431,1.5644166666666666,0.00010666666666647728,6.818767806028043e-5
DK,2010-Q1,1.40816,1.4090733333333334,0.0009133333333333216,0.0006486005378176638
DK,2010-Q2,1.22591,1.2292399999999999,0.003329999999999833,0.0027163494873194876
DK,2010-Q3,1.14155,1.1415533333333334,3.3333333333551707e-6,2.920006424033262e-6
DK,2010-Q4,1.21429,1.2139033333333333,0.0003866666666667573,0.0003184302486776283
DK,2011-Q1,1.25629,1.2544033333333333,0.001886666666666592,0.001501776394516069
DK,2011-Q2,1.45938,1.45867,0.0007099999999999884,0.0004865079691375711
DK,2011-Q3,1.56686,1.56774,0.0008799999999999919,0.0005616328197796816
DK,2011-Q4,1.25292,1.2551033333333332,0.002183333333333204,0.0017425959624981673
DK,2012-Q1,0.99845,0.9984866666666669,3.666666666690688e-5,3.6723588228661303e-5
DK,2012-Q2,0.83258,0.8303966666666667,0.002183333333333315,0.002622370623043209
DK,2012-Q3,0.34712,0.34687,0.00024999999999997247,0.0007202120304216769
DK,2012-Q4,0.30518,0.30432,0.0008600000000000274,0.002818009043843068
DK,2013-Q1,0.30163,0.3019833333333333,0.0003533333333333166,0.0011714130999347433
DK,2013-Q2,0.25217,0.2525,0.00032999999999999696,0.0013086409961533766
DK,2013-Q3,0.26913,0.26916999999999996,3.999999999998449e-5,0.00014862705755577042
DK,2013-Q4,0.26219,0.26178666666666667,0.0004033333333333111,0.0015383246246359935
DK,2014-Q1,0.27918,0.27909333333333336,8.666666666662382e-5,0.00031043293454625627
DK,2014-Q2,0.33921,0.33921,0.0,0.0
DK,2014-Q3,0.3439,0.3437333333333334,0.0001666666666665928,0.00048463700688163074
DK,2014-Q4,0.29766,0.29779333333333335,0.00013333333333337416,0.00044793836368129465
DK,2015-Q1,-0.10937,-0.11153666666666667,0.002166666666666678,0.01981042942915496
DK,2015-Q2,-0.18871,-0.18871666666666664,6.66666666665483e-6,3.5327574938555615e-5
DK,2015-Q3,-0.08129,-0.07994,0.001350000000000004,0.016607208758764966
DK,2015-Q4,-0.11217,-0.11308,0.0009099999999999941,0.008112686101453099
DK,2016-Q1,-0.07094,-0.07084,0.00010000000000000286,0.0014096419509445003
DK,2016-Q2,-0.11975,-0.11772333333333333,0.0020266666666666627,0.01692414752957547
DK,2016-Q3,-0.19477,-0.19446666666666665,0.0003033333333333499,0.001557392480019253
DK,2016-Q4,-0.19379,-0.19394999999999998,0.00015999999999999348,0.0008256359977294674
DK,2017-Q1,-0.23927,-0.23886333333333334,0.0004066666666666663,0.001699614104010809
DK,2017-Q2,-0.2375,-0.23865666666666666,0.001156666666666667,0.0048701754385964925
DK,2017-Q3,-0.27046,-0.27060666666666666,0.00014666666666668382,0.0005422859819074311
DK,2017-Q4,-0.30706,-0.30690333333333336,0.0001566666666666383,0.0005102151588179454
DK,2018-Q1,-0.3023,-0.30214,0.00015999999999999348,0.0005292755540853241
DK,2018-Q2,-0.29237,-0.29231666666666667,5.3333333333349664e-5,0.00018241725667253705
DK,2018-Q3,-0.30158,-0.30167666666666665,9.666666666663382e-5,0.000320534076088049
DK,2018-Q4,-0.30149,-0.30084333333333335,0.0006466666666666288,0.002144902539608706
DK,2019-Q1,-0.30933,-0.3096433333333333,0.00031333333333333213,0.0010129419498054897
DK,2019-Q2,-0.34123,-0.3415266666666667,0.0002966666666667228,0.0008694038234232712
DK,2019-Q3,-0.42193,-0.42280999999999996,0.0008799999999999364,0.0020856540184389268
DK,2019-Q4,-0.4151,-0.41400666666666663,0.0010933333333333906,0.002633903477073935
DK,2020-Q1,-0.39276,-0.39325000000000004,0.000490000000000046,0.0012475812200836286
DK,2020-Q2,-0.1393,-0.13860333333333333,0.0006966666666666788,0.0050011964584829776
DK,2020-Q3,-0.20627,-0.20657333333333336,0.0003033333333333499,0.0014705644705160705
DK,2020-Q4,-0.22375,-0.22382666666666665,7.666666666664157e-5,0.00034264432029783943
DK,2021-Q1,-0.2235,-0.22429333333333334,0.0007933333333333403,0.003549589858314722
DK,2021-Q2,-0.20979,-0.20974666666666666,4.333333333333966e-5,0.00020655576211134783
DK,2021-Q3,-0.21147,-0.2114666666666667,3.3333333332996595e-6,1.5762677132925048e-5
DK,2021-Q4,-0.27482,-0.27481666666666665,3.3333333333551707e-6,1.2129151202078344e-5
DK,2022-Q1,-0.26821,-0.26858666666666664,0.0003766666666666363,0.001404372195916022
DK,2022-Q2,-0.11046,-0.11659333333333333,0.006133333333333324,0.055525378719294985
DK,2022-Q3,0.7796,0.7733233333333334,0.006276666666666597,0.008051137335385579
DK,2022-Q4,2.07506,2.0748066666666665,0.0002533333333336607,0.00012208482325024852
DK,2023-Q1,2.85262,2.8493766666666667,0.003243333333333265,0.001136966484611783
DK,2023-Q2,3.42321,3.413363333333333,0.009846666666667225,0.0028764424813748574
DK,2023-Q3,3.81051,3.8108,0.0002900000000001235,7.610529824095029e-5
DK,2023-Q4,3.94307,3.9414200000000004,0.0016499999999997073,0.00041845567032786817
DK,2024-Q1,3.88231,3.882076666666667,0.0002333333333330856,6.010167486189552e-5
DK,2024-Q2,3.73767,3.734746666666666,0.002923333333333833,0.0007821271897556052
DK,2024-Q3,3.46141,3.457666666666667,0.0037433333333329877,0.0010814475411271673
DK,2024-Q4,2.92237,2.909466666666667,0.012903333333333045,0.004415366067039097
HU,1996-Q1,26.38,26.373333333333335,0.006666666666664156,0.0002527167045740772
HU,1996-Q2,24.24,24.236666666666668,0.0033333333333303017,0.00013751375137501244
HU,1996-Q3,23.78,23.77,0.010000000000001563,0.000420521446593842
HU,1996-Q4,22.69,22.69333333333333,0.0033333333333303017,0.00014690759512253423
HU,1997-Q1,21.51,21.51,0.0,0.0
HU,1997-Q2,20.94,20.94,0.0,0.0
HU,1997-Q3,19.75,19.75,0.0,0.0
HU,1997-Q4,19.59,19.59,0.0,0.0
HU,1998-Q1,18.97,18.966666666666665,0.0033333333333338544,0.00017571604287474195
HU,1998-Q2,17.69,17.689999999999998,3.552713678800501e-15,2.008317512040984e-16
HU,1998-Q3,17.01,17.01,0.0,0.0
HU,1998-Q4,18.11,18.10666666666667,0.0033333333333303017,0.00018406037180178364
HU,1999-Q1,15.75,15.743333333333332,0.006666666666667709,0.00042328042328048943
HU,1999-Q2,15.24,15.24,0.0,0.0
HU,1999-Q3,14.77,14.770000000000001,1.7763568394002505e-15,1.2026789704808736e-16
HU,1999-Q4,14.52,14.516666666666666,0.0033333333333338544,0.0002295684113866291
HU,2000-Q1,11.88,11.876666666666667,0.0033333333333338544,0.0002805836139169911
HU,2000-Q2,11.03,11.033333333333333,0.0033333333333338544,0.00030220610456335945
HU,2000-Q3,10.83,10.826666666666666,0.0033333333333338544,0.00030778701138816755
HU,2000-Q4,11.81,11.816666666666668,0.006666666666667709,0.0005644933672030236
HU,2001-Q1,11.17,11.160000000000002,0.00999999999999801,0.0008952551477169212
HU,2001-Q2,11.1,11.096666666666666,0.0033333333333338544,0.00030030030030034723
HU,2001-Q3,10.94,10.94,0.0,0.0
HU,2001-Q4,10.27,10.266666666666667,0.003333333333332078,0.0003245699448229872
HU,2002-Q1,8.7,8.700000000000001,1.7763568394002505e-15,2.0417894705750008e-16
HU,2002-Q2,8.89,8.89,0.0,0.0
HU,2002-Q3,9.84,9.836666666666666,0.0033333333333338544,0.0003387533875339283
HU,2002-Q4,9.4,9.406666666666666,0.0066666666666659324,0.0007092198581559502
HU,2003-Q1,6.23,6.21,0.020000000000000462,0.003210272873194295
HU,2003-Q2,6.98,6.98,0.0,0.0
HU,2003-Q3,9.66,9.660000000000002,1.7763568394002505e-15,1.8388787157352488e-16
HU,2003-Q4,11.1,11.093333333333334,0.0066666666666659324,0.0006006006006005344
HU,2004-Q1,12.46,12.466666666666667,0.0066666666666659324,0.0005350454788656447
HU,2004-Q2,11.1,11.483333333333334,0.38333333333333464,0.03453453453453465
HU,2004-Q4,10.34,9.952222222222224,0.3877777777777762,0.0375026864388565
HU,2005-Q1,8.45,8.404444444444444,0.04555555555555557,0.005391190006574624
HU,2005-Q2,7.47,7.32,0.14999999999999947,0.020080321285140493
HU,2005-Q3,6.17,6.166666666666667,0.0033333333333329662,0.0005402485143165261
HU,2005-Q4,6.19,6.186666666666667,0.0033333333333329662,0.0005385029617662304
HU,2006-Q1,6.02,6.099999999999999,0.07999999999999918,0.013289036544850363
HU,2006-Q2,6.26,6.473333333333334,0.21333333333333382,0.03407880724174662
HU,2006-Q3,7.29,7.296666666666667,0.006666666666666821,0.0009144947416552566
HU,2006-Q4,8.2,8.2,0.0,0.0
HU,2007-Q1,8.12,8.125,0.005000000000000782,0.0006157635467981258
HU,2007-Q2,8.11,8.11,0.0,0.0
HU,2007-Q3,7.81,7.806666666666666,0.0033333333333338544,0.0004268032437047189
HU,2007-Q4,7.58,7.579999999999999,8.881784197001252e-16,1.17173933997378e-16
HU,2008-Q1,8.0,7.995000000000001,0.004999999999999005,0.0006249999999998757
HU,2008-Q2,8.6,8.603333333333332,0.003333333333332078,0.00038759689922466026
HU,2008-Q3,8.65,8.646666666666667,0.0033333333333338544,0.0003853564547206768
HU,2008-Q4,10.06,10.065,0.004999999999999005,0.0004970178926440363
HU,2009-Q1,9.8,9.72,0.08000000000000007,0.008163265306122455
HU,2009-Q2,10.49,10.476666666666667,0.013333333333333641,0.0012710517953606903
HU,2009-Q3,9.27,9.263333333333334,0.0066666666666659324,0.0007191657677093779
HU,2009-Q4,7.46,7.456666666666666,0.0033333333333338544,0.0004468275245755837
HU,2010-Q1,6.68,6.673333333333335,0.006666666666665044,0.0009980039920157253
HU,2010-Q2,5.94,5.933333333333334,0.006666666666666821,0.001122334455667815
HU,2010-Q3,6.13,6.133333333333333,0.0033333333333329662,0.0005437737901032571
HU,2010-Q4,5.98,5.9799999999999995,8.881784197001252e-16,1.4852481934784703e-16
HU,2011-Q1,6.55,6.566666666666666,0.016666666666666607,0.002544529262086505
HU,2011-Q2,6.42,6.41,0.009999999999999787,0.0015576323987538609
HU,2011-Q3,6.69,6.683333333333334,0.006666666666666821,0.000996512207274562
HU,2011-Q4,6.64,6.6433333333333335,0.0033333333333338544,0.0005020080321285925
HU,2012-Q1,8.68,8.626666666666665,0.053333333333334565,0.006144393241167577
HU,2012-Q2,8.21,8.173333333333334,0.03666666666666707,0.0044660982541616405
HU,2012-Q3,7.88,7.691666666666666,0.18833333333333346,0.02390016920473775
HU,2012-Q4,6.84,6.493333333333332,0.34666666666666757,0.050682261208577134
HU,2013-Q1,5.8,5.390000000000001,0.40999999999999925,0.07068965517241367
HU,2013-Q2,4.56,4.553333333333334,0.0066666666666659324,0.0014619883040934063
HU,2013-Q3,4.11,3.9783333333333335,0.13166666666666682,0.03203568532035689
HU,2013-Q4,3.31,3.31,0.0,0.0
HU,2014-Q1,3.08,3.0733333333333337,0.0066666666666663765,0.0021645021645020704
HU,2014-Q2,2.66,2.6633333333333336,0.0033333333333334103,0.0012531328320802293
HU,2014-Q3,2.11,2.11,0.0,0.0
HU,2014-Q4,2.05,2.0033333333333334,0.04666666666666641,0.0227642276422763
HU,2015-Q1,1.88,1.8833333333333335,0.0033333333333336324,0.00177304964539023
PL,1996-Q1,23.08,23.070000000000004,0.009999999999994458,0.0004332755632579921
PL,1996-Q2,22.08,22.083333333333332,0.0033333333333338544,0.00015096618357490283
PL,1996-Q3,19.99,19.986666666666668,0.0033333333333303017,0.00016675004168735877
PL,1996-Q4,20.53,20.52,0.010000000000001563,0.0004870920603994916
PL,1997-Q1,22.15,22.146666666666665,0.0033333333333338544,0.0001504890895410318
PL,1997-Q2,22.5,22.5,0.0,0.0
PL,1997-Q3,25.01,25.01,0.0,0.0
PL,1997-Q4,24.99,24.986666666666668,0.0033333333333303017,0.00013338668800841544
PL,1998-Q1,24.9,24.88,0.019999999999999574,0.0008032128514056054
PL,1998-Q2,22.3,22.30333333333333,0.0033333333333303017,0.00014947683109104492
PL,1998-Q3,18.94,18.933333333333334,0.006666666666667709,0.0003519887363604915
PL,1998-Q4,15.74,15.743333333333334,0.0033333333333338544,0.0002117746717492919
PL,1999-Q1,13.77,13.756666666666666,0.013333333333333641,0.0009682885499879188
PL,1999-Q2,13.26,13.263333333333334,0.0033333333333338544,0.00025138260432382007
PL,1999-Q3,13.78,13.790000000000001,0.010000000000001563,0.0007256894049348015
PL,1999-Q4,18.07,18.073333333333334,0.0033333333333338544,0.00018446781036711977
PL,2000-Q1,17.82,17.819999999999997,3.552713678800501e-15,1.9936664864200342e-16
PL,2000-Q2,18.49,18.493333333333336,0.003333333333337407,0.00018027762754664183
PL,2000-Q3,19.06,19.063333333333333,0.0033333333333338544,0.0001748863238894992
PL,2000-Q4,19.7,19.7,0.0,0.0
PL,2001-Q1,18.52,18.523333333333337,0.003333333333337407,0.00017998560115212782
PL,2001-Q2,17.09,17.08666666666667,0.0033333333333303017,0.0001950458357712289
PL,2001-Q3,15.36,15.356666666666667,0.003333333333332078,0.00021701388888880718
PL,2001-Q4,13.38,13.39,0.009999999999999787,0.0007473841554558883
PL,2002-Q1,10.64,10.636666666666667,0.0033333333333338544,0.00031328320802009906
PL,2002-Q2,9.79,9.793333333333333,0.0033333333333338544,0.00034048348655095554
PL,2002-Q3,8.5,8.496666666666668,0.003333333333332078,0.00039215686274495035
PL,2002-Q4,7.03,7.023333333333333,0.006666666666666821,0.0009483167377904439
PL,2003-Q1,6.37,6.366666666666667,0.0033333333333329662,0.0005232862375718942
PL,2003-Q2,5.55,5.553333333333334,0.0033333333333338544,0.0006006006006006945
PL,2003-Q3,5.2,5.2,0.0,0.0
PL,2003-Q4,5.6,5.596666666666667,0.0033333333333329662,0.0005952380952380297
PL,2004-Q1,5.44,5.44,0.0,0.0
PL,2004-Q2,5.86,5.863333333333333,0.0033333333333329662,0.0005688282138793457
PL,2004-Q3,6.68,6.6866666666666665,0.006666666666666821,0.0009980039920159912
PL,2004-Q4,6.81,6.806666666666666,0.0033333333333338544,0.0004894762604014471
PL,2005-Q1,6.44,6.44,0.0,0.0
PL,2005-Q2,5.49,5.493333333333333,0.0033333333333329662,0.0006071645415907042
PL,2005-Q3,4.62,4.62,0.0,0.0
PL,2005-Q4,4.6,4.603333333333333,0.0033333333333329662,0.0007246376811593405
PL,2006-Q1,4.29,4.29,0.0,0.0
PL,2006-Q2,4.15,4.153333333333333,0.0033333333333329662,0.0008032128514055339
PL,2006-Q3,4.2,4.196666666666666,0.0033333333333338544,0.0007936507936509177
PL,2006-Q4,4.2,4.203333333333333,0.0033333333333329662,0.0007936507936507062
PL,2007-Q1,4.21,4.206666666666667,0.0033333333333329662,0.0007917656373712509
PL,2007-Q2,4.42,4.423333333333333,0.0033333333333329662,0.0007541478129712594
PL,2007-Q3,4.92,4.926666666666667,0.006666666666666821,0.0013550135501355326
PL,2007-Q4,5.39,5.386666666666667,0.0033333333333329662,0.0006184291898576932
PL,2008-Q1,5.8,5.803333333333334,0.0033333333333338544,0.0005747126436782508
PL,2008-Q2,6.43,6.426666666666667,0.0033333333333329662,0.0005184033177811768
PL,2008-Q3,6.57,6.566666666666666,0.0033333333333338544,0.0005073566717403127
PL,2008-Q4,6.64,6.64,0.0,0.0
PL,2009-Q1,4.83,4.826666666666667,0.0033333333333329662,0.0006901311249136576
PL,2009-Q2,4.44,4.4399999999999995,8.881784197001252e-16,2.000401846171453e-16
PL,2009-Q3,4.2,4.2,0.0,0.0
PL,2009-Q4,4.2,4.2,0.0,0.0
PL,2010-Q1,4.18,4.18,0.0,0.0
PL,2010-Q2,3.8,3.8000000000000003,4.440892098500626e-16,1.1686558153949016e-16
PL,2010-Q3,3.83,3.8266666666666667,0.0033333333333334103,0.0008703220191471045
PL,2010-Q4,3.87,3.8699999999999997,4.440892098500626e-16,1.1475173381138568e-16
PL,2011-Q1,4.1,4.1000000000000005,8.881784197001252e-16,2.166288828536891e-16
PL,2011-Q2,4.43,4.426666666666667,0.0033333333333329662,0.0007524454477049585
PL,2011-Q3,4.72,4.723333333333334,0.0033333333333338544,0.0007062146892656472
PL,2011-Q4,4.91,4.906666666666667,0.0033333333333329662,0.0006788866259333943
PL,2012-Q1,4.97,4.97,0.0,0.0
PL,2012-Q2,5.04,5.036666666666666,0.0033333333333338544,0.0006613756613757648
PL,2012-Q3,5.06,5.0633333333333335,0.0033333333333338544,0.0006587615283268487
PL,2012-Q4,4.57,4.566666666666667,0.0033333333333329662,0.0007293946024798613
PL,2013-Q1,3.77,3.77,0.0,0.0
PL,2013-Q2,2.95,2.9466666666666668,0.0033333333333334103,0.0011299435028248848
PL,2013-Q3,2.7,2.6966666666666668,0.0033333333333334103,0.0012345679012345963
PL,2013-Q4,2.66,2.6633333333333336,0.0033333333333334103,0.0012531328320802293
PL,2014-Q1,2.71,2.706666666666667,0.0033333333333329662,0.0012300123001228657
PL,2014-Q2,2.71,2.7100000000000004,4.440892098500626e-16,1.638705571402445e-16
PL,2014-Q3,2.59,2.5933333333333333,0.0033333333333334103,0.0012870012870013169
PL,2014-Q4,2.05,2.0533333333333332,0.0033333333333334103,0.0016260162601626394
PL,2015-Q1,1.87,1.873333333333333,0.0033333333333329662,0.0017825311942957038
RO,1996-Q1,54.65,54.66,0.00999999999999801,0.00018298261665138172
RO,1996-Q2,55.72,55.71666666666667,0.0033333333333303017,5.982292414447778e-5
RO,1996-Q3,52.44,52.43666666666667,0.0033333333333303017,6.356470887357555e-5
RO,1996-Q4,51.83,51.82666666666666,0.003333333333337407,6.431281754461522e-5
RO,1997-Q1,112.45,111.97333333333331,0.4766666666666879,0.004238921001926971
RO,1997-Q2,106.31,106.25333333333333,0.05666666666667197,0.0005330323268429308
RO,1997-Q3,42.05,42.050000000000004,7.105427357601002e-15,1.6897568032344833e-16
RO,1997-Q4,63.15,63.20666666666667,0.05666666666667197,0.0008973343890209339
RO,1998-Q1,90.58,90.74666666666667,0.1666666666666714,0.001839994112018894
RO,1998-Q2,56.93,56.99333333333333,0.06333333333333258,0.0011124773113179796
RO,1998-Q3,52.87,52.97,0.10000000000000142,0.0018914318138831365
RO,1998-Q4,77.84,77.86333333333333,0.023333333333326323,0.0002997601918464327
RO,1999-Q1,85.9,86.01333333333334,0.11333333333332973,0.0013193636010864927
RO,1999-Q2,96.78,96.81333333333333,0.03333333333333144,0.0003444237790176838
RO,1999-Q3,73.82,73.72000000000001,0.0999999999999801,0.0013546464372796005
RO,1999-Q4,62.36,62.343333333333334,0.01666666666666572,0.00026726534103055995
RO,2000-Q1,66.81,66.94666666666667,0.13666666666667027,0.0020456019557950943
RO,2000-Q2,45.61,45.60999999999999,7.105427357601002e-15,1.5578661165536072e-16
RO,2000-Q3,41.84,41.870000000000005,0.030000000000001137,0.000717017208413029
RO,2000-Q4,48.71,48.71,0.0,0.0
RO,2001-Q1,51.01,51.13999999999999,0.12999999999999545,0.002548519898059115
RO,2001-Q2,45.22,45.203333333333326,0.016666666666672825,0.00036856848002372454
RO,2001-Q3,34.97,34.96666666666667,0.0033333333333303017,9.531979792194171e-5
RO,2001-Q4,34.2,34.199999999999996,7.105427357601002e-15,2.077610338479825e-16
RO,2002-Q1,33.62,33.61333333333333,0.006666666666667709,0.000198294665873519
RO,2002-Q2,30.59,30.59,0.0,0.0
RO,2002-Q3,24.79,24.77333333333333,0.016666666666669272,0.0006723141051500312
RO,2002-Q4,20.41,20.41,0.0,0.0
RO,2003-Q1,16.92,16.923333333333336,0.0033333333333338544,0.0001970055161544831
RO,2003-Q2,16.47,16.47,0.0,0.0
RO,2003-Q3,17.86,17.863333333333333,0.0033333333333338544,0.0001866368047779314
RO,2003-Q4,19.65,19.650000000000002,3.552713678800501e-15,1.8079967831045808e-16
RO,2004-Q1,20.25,20.253333333333334,0.0033333333333338544,0.00016460905349796812
RO,2004-Q2,20.22,20.216666666666665,0.0033333333333338544,0.00016485328058030933
RO,2004-Q3,18.7,18.696666666666665,0.0033333333333338544,0.00017825311942961788
RO,2004-Q4,17.41,17.41333333333333,0.0033333333333303017,0.0001914608462567663
RO,2005-Q1,12.28,12.276666666666666,0.0033333333333338544,0.00027144408251904354
RO,2005-Q2,8.44,8.436666666666666,0.0033333333333338544,0.000394944707740978
RO,2005-Q3,7.39,7.376666666666668,0.013333333333331865,0.001804239963915002
RO,2005-Q4,5.39,5.383333333333333,0.006666666666666821,0.0012368583797155513
RO,2006-Q1,7.19,7.1933333333333325,0.003333333333332078,0.0004636068613813738
RO,2006-Q2,8.0,8.0,0.0,0.0
RO,2006-Q3,8.65,8.65,0.0,0.0
RO,2006-Q4,8.5,8.506666666666666,0.0066666666666659324,0.0007843137254901097
RO,2007-Q1,7.1,7.103333333333334,0.0033333333333347426,0.0004694835680753159
RO,2007-Q2,7.41,7.403333333333333,0.006666666666666821,0.0008996851102114467
RO,2007-Q3,6.81,6.81,0.0,0.0
RO,2007-Q4,7.63,7.63,0.0,0.0
RO,2008-Q1,9.54,9.546666666666667,0.006666666666667709,0.0006988120195668458
RO,2008-Q2,11.25,11.25,0.0,0.0
RO,2008-Q3,12.16,12.173333333333332,0.013333333333331865,0.0010964912280700546
RO,2008-Q4,16.06,16.05,0.00999999999999801,0.0006226650062265262
RO,2009-Q1,14.52,14.526666666666666,0.0066666666666659324,0.0004591368227731359
RO,2009-Q2,11.68,11.686666666666667,0.006666666666667709,0.0005707762557078518
RO,2009-Q3,9.11,9.106666666666667,0.003333333333332078,0.0003658982802779449
RO,2009-Q4,10.13,10.133333333333333,0.003333333333332078,0.00032905561039803336
RO,2010-Q1,7.17,7.166666666666667,0.0033333333333329662,0.00046490004648995346
RO,2010-Q2,5.99,5.989999999999999,8.881784197001252e-16,1.482768647245618e-16
RO,2010-Q3,6.62,6.62,0.0,0.0
RO,2010-Q4,6.26,6.263333333333333,0.0033333333333329662,0.0005324813631522311
RO,2011-Q1,5.46,5.456666666666666,0.0033333333333338544,0.0006105006105007059
RO,2011-Q2,5.33,5.326666666666667,0.0033333333333329662,0.0006253908692932395
RO,2011-Q3,5.49,5.493333333333333,0.0033333333333329662,0.0006071645415907042
RO,2011-Q4,6.01,6.006666666666667,0.0033333333333329662,0.0005546311702717082
RO,2012-Q1,4.77,4.766666666666667,0.0033333333333329662,0.0006988120195666596
RO,2012-Q2,4.64,4.636666666666667,0.0033333333333329662,0.0007183908045976221
RO,2012-Q3,5.36,5.363333333333333,0.0033333333333329662,0.0006218905472636131
RO,2012-Q4,5.63,5.63,0.0,0.0
RO,2013-Q1,5.47,5.469999999999999,8.881784197001252e-16,1.6237265442415452e-16
RO,2013-Q2,4.11,4.113333333333333,0.0033333333333329662,0.0008110300081102107
RO,2013-Q3,3.78,3.776666666666667,0.0033333333333329662,0.0008818342151674514
RO,2013-Q4,2.54,2.5433333333333334,0.0033333333333334103,0.0013123359580052797
RO,2014-Q1,2.65,2.6666666666666665,0.016666666666666607,0.006289308176100607
RO,2014-Q2,2.53,2.5333333333333337,0.0033333333333338544,0.0013175230566536975
RO,2014-Q3,2.13,2.1366666666666667,0.006666666666666821,0.0031298904538341883
RO,2014-Q4,1.51,1.8066666666666666,0.29666666666666663,0.1964679911699779
RO,2015-Q1,1.21,1.2133333333333334,0.0033333333333334103,0.0027548209366391823
SE,1996-Q1,7.92631,7.91097,0.015340000000000131,0.0019353267787911564
SE,1996-Q2,6.30877,6.298563333333334,0.010206666666666031,0.001617853665083056
SE,1996-Q3,5.3547,5.34477,0.00993000000000066,0.0018544456272061292
SE,1996-Q4,4.52848,4.526556666666667,0.001923333333333055,0.0004247194054811007
SE,1997-Q1,4.19875,4.204106666666666,0.005356666666665788,0.0012757765207897082
SE,1997-Q2,4.33462,4.335123333333334,0.0005033333333335221,0.00011611936763396149
SE,1997-Q3,4.47273,4.473783333333333,0.0010533333333322403,0.0002355012114150061
SE,1997-Q4,4.70409,4.70365,0.000440000000000218,9.353562538136345e-5
SE,1998-Q1,4.70359,4.703666666666667,7.666666666672484e-5,1.6299606612550167e-5
SE,1998-Q2,4.53508,4.536550000000001,0.0014700000000011926,0.0003241398167179394
SE,1998-Q3,4.28855,4.289793333333333,0.001243333333333041,0.00028991928118665775
SE,1998-Q4,3.91988,3.924443333333333,0.004563333333333031,0.0011641512835426162
SE,1999-Q1,3.32234,3.3252633333333335,0.002923333333333389,0.0008799019165207019
SE,1999-Q2,3.07302,3.073506666666667,0.0004866666666667463,0.00015836755591136612
SE,1999-Q3,3.23183,3.231833333333333,3.3333333329110815e-6,1.0314073861902024e-6
SE,1999-Q4,3.68818,3.68985,0.0016699999999998383,0.00045279785693752426
SE,2000-Q1,3.98738,3.9821799999999996,0.0052000000000003155,0.0013041144811882278
SE,2000-Q2,4.08262,4.083616666666667,0.0009966666666665347,0.0002441242796700488
SE,2000-Q3,4.12,4.12047,0.00046999999999997044,0.00011407766990290545
SE,2000-Q4,4.06154,4.0627,0.001160000000000494,0.00028560595242210936
SE,2001-Q1,4.12209,4.1219833333333336,0.00010666666666647728,2.5876840793499725e-5
SE,2001-Q2,4.17002,4.171786666666667,0.0017666666666666941,0.00042365903920525417
SE,2001-Q3,4.34614,4.339406666666667,0.006733333333333036,0.0015492674725924695
SE,2001-Q4,3.86509,3.8656133333333336,0.0005233333333336532,0.00013540003811907437
SE,2002-Q1,4.02025,4.023723333333334,0.0034733333333338834,0.0008639595381714777
SE,2002-Q2,4.44878,4.449393333333333,0.0006133333333329105,0.00013786551219276082
SE,2002-Q3,4.44482,4.4438,0.0010199999999995768,0.00022948060888845371
SE,2002-Q4,4.15179,4.14884,0.00295000000000023,0.0007105369009512114
SE,2003-Q1,3.78909,3.78675,0.0023399999999997867,0.0006175625282059246
SE,2003-Q2,3.37392,3.36885,0.005069999999999908,0.0015027030872101022
SE,2003-Q3,2.91439,2.9147433333333335,0.00035333333333342765,0.00012123749166495481
SE,2003-Q4,2.91533,2.915573333333333,0.0002433333333331511,8.346682308114385e-5
SE,2004-Q1,2.63097,2.6335633333333335,0.0025933333333334474,0.0009856947564333488
SE,2004-Q2,2.19668,2.1967199999999996,3.999999999937387e-5,1.8209297667103932e-5
SE,2004-Q3,2.20083,2.200836666666667,6.6666666671544306e-6,3.029160210990595e-6
SE,2004-Q4,2.19624,2.196756666666667,0.0005166666666669428,0.00023525054942398957
SE,2005-Q1,2.13037,2.1307666666666667,0.0003966666666666008,0.00018619613807301116
SE,2005-Q2,1.99178,1.9936033333333334,0.001823333333333288,0.0009154290801862093
SE,2005-Q3,1.65927,1.6589233333333333,0.0003466666666667173,0.00020892721899794326
SE,2005-Q4,1.77675,1.7758399999999999,0.0009100000000001884,0.0005121710989166671
SE,2006-Q1,2.12606,2.1241233333333334,0.0019366666666664756,0.0009109181616071398
SE,2006-Q2,2.35232,2.35052,0.0018000000000002458,0.000765202013331624
SE,2006-Q3,2.69548,2.695306666666667,0.00017333333333269252,6.430518250281676e-5
SE,2006-Q4,3.08098,3.0829633333333333,0.001983333333333448,0.0006437345693037437
SE,2007-Q1,3.40357,3.4051533333333333,0.001583333333333048,0.0004651978168020778
SE,2007-Q2,3.58803,3.5861199999999998,0.0019100000000000783,0.0005323255379693254
SE,2007-Q3,3.97729,3.985046666666667,0.007756666666666856,0.0019502391494376462
SE,2007-Q4,4.5569,4.57418,0.017280000000000406,0.003792051614035947
SE,2008-Q1,4.65356,4.655736666666667,0.0021766666666671597,0.0004677422589731646
SE,2008-Q2,4.94643,4.947486666666667,0.0010566666666669278,0.00021362208030173836
SE,2008-Q3,5.17989,5.180423333333334,0.0005333333333332746,0.00010296228941797501
SE,2008-Q4,4.26495,4.1905600000000005,0.07438999999999929,0.017442173999695023
SE,2009-Q1,1.61232,1.6274433333333331,0.015123333333333155,0.009379858423472484
SE,2009-Q2,0.97432,0.9738833333333332,0.0004366666666667518,0.0004481758217698003
SE,2009-Q3,0.61171,0.6109333333333334,0.0007766666666665367,0.00126966481938588
SE,2009-Q4,0.48629,0.4858733333333333,0.0004166666666666763,0.0008568275446064617
SE,2010-Q1,0.48415,0.4837633333333333,0.0003866666666667018,0.0007986505559572484
SE,2010-Q2,0.61015,0.6086333333333332,0.0015166666666667217,0.00248572755333397
SE,2010-Q3,1.00438,1.00438,0.0,0.0
SE,2010-Q4,1.60645,1.6066433333333334,0.00019333333333348968,0.00012034817973387886
SE,2011-Q1,2.20862,2.1999766666666667,0.008643333333333114,0.003913454253485486
SE,2011-Q2,2.4419,2.4411466666666666,0.0007533333333333836,0.00030850294169842485
SE,2011-Q3,2.55574,2.5554666666666663,0.00027333333333379173,0.00010694880282571455
SE,2011-Q4,2.60659,2.6064266666666662,0.00016333333333395927,6.266168953842349e-5
SE,2012-Q1,2.45036,2.4527133333333335,0.0023533333333336515,0.0009604030972321012
SE,2012-Q2,2.15634,2.1569,0.0005599999999996719,0.00025969930530420613
SE,2012-Q3,1.946,1.937186666666667,0.008813333333332896,0.004528948269955239
SE,2012-Q4,1.45229,1.44475,0.007540000000000102,0.005191800535705749
SE,2013-Q1,1.21619,1.2162866666666667,9.666666666663382e-5,7.94831947858754e-5
SE,2013-Q2,1.22175,1.2217733333333334,2.3333333333486195e-5,1.9098287975024512e-5
SE,2013-Q3,1.20588,1.2061033333333333,0.00022333333333324212,0.0001852036134053489
SE,2013-Q4,1.13239,1.1239999999999999,0.00839000000000012,0.007409108169447028
SE,2014-Q1,0.93815,0.9381966666666667,4.666666666663932e-5,4.974328909730781e-5
SE,2014-Q2,0.89088,0.89014,0.0007399999999999629,0.0008306393678160503
SE,2014-Q3,0.50609,0.5060000000000001,8.999999999992347e-5,0.0001778339820978946
SE,2014-Q4,0.31753,0.31256333333333336,0.004966666666666619,0.015641566676114445
SE,2015-Q1,0.04882,0.06612666666666668,0.01730666666666668,0.3544995220538033
SE,2015-Q2,-0.19277,-0.19218333333333334,0.000586666666666652,0.003043350452179551
SE,2015-Q3,-0.27018,-0.27055999999999997,0.00037999999999999146,0.0014064697609001092
SE,2015-Q4,-0.35711,-0.35857999999999995,0.0014699999999999713,0.004116378706840949
SE,2016-Q1,-0.40146,-0.39827666666666667,0.003183333333333316,0.007929391055978967
SE,2016-Q2,-0.45713,-0.4574933333333333,0.0003633333333333266,0.0007948140208109873
SE,2016-Q3,-0.53597,-0.53573,0.00023999999999990695,0.0004477862566932981
SE,2016-Q4,-0.56844,-0.56834,9.999999999998899e-5,0.00017592006192384245
SE,2017-Q1,-0.51978,-0.52067,0.0008899999999999464,0.0017122628804493176
SE,2017-Q2,-0.48366,-0.48279999999999995,0.0008600000000000274,0.0017781085886780536
SE,2017-Q3,-0.43931,-0.43967,0.00036000000000002697,0.0008194668912613575
SE,2017-Q4,-0.56638,-0.5670066666666668,0.0006266666666667753,0.001106442082465439
SE,2018-Q1,-0.43587,-0.43632333333333334,0.0004533333333333611,0.001040065462943908
SE,2018-Q2,-0.37473,-0.37454000000000004,0.00018999999999996797,0.0005070317295118298
SE,2018-Q3,-0.36594,-0.3667233333333333,0.0007833333333333026,0.0021406059281119925
SE,2018-Q4,-0.40406,-0.39109,0.012969999999999982,0.032099193189130286
SE,2019-Q1,-0.06713,-0.06692666666666666,0.00020333333333333314,0.0030289488057996896
SE,2019-Q2,-0.02308,-0.022900000000000004,0.00017999999999999614,0.007798960138648013
SE,2019-Q3,-0.03392,-0.03349666666666667,0.0004233333333333311,0.01248034591194962
SE,2019-Q4,0.00802,0.013023333333333336,0.005003333333333337,0.6238570241064012
SE,2020-Q1,0.19602,0.19491,0.0011099999999999999,0.005662687480869299
SE,2020-Q2,0.20453,0.20600333333333334,0.0014733333333333543,0.007203507227953622
SE,2020-Q3,0.0017,0.0015833333333333335,0.0001166666666666664,0.068627450980392
SE,2020-Q4,-0.08232,-0.08281666666666666,0.0004966666666666592,0.006033365727243186
SE,2021-Q1,-0.0309,-0.03147666666666667,0.0005766666666666663,0.018662351672060398
SE,2021-Q2,-0.03035,-0.03021333333333333,0.00013666666666666688,0.004503020318506323
SE,2021-Q3,-0.01912,-0.019123333333333336,3.333333333334354e-6,0.0001743375174338051
SE,2021-Q4,-0.09058,-0.09043666666666667,0.00014333333333332865,0.001582394936336152
SE,2022-Q1,-0.01248,-0.014116666666666668,0.0016366666666666682,0.1311431623931625
SE,2022-Q2,0.40811,0.43377333333333334,0.02566333333333337,0.06288337294683632
SE,2022-Q3,1.38553,1.3823466666666666,0.003183333333333316,0.0022975564104229544
SE,2022-Q4,2.21639,2.21534,0.0010500000000002174,0.00047374333939433826
SE,2023-Q1,3.08869,3.0826833333333337,0.006006666666666494,0.001944729534743368
SE,2023-Q2,3.64258,3.637553333333333,0.005026666666667179,0.0013799742673234847
SE,2023-Q3,3.99486,3.9940933333333337,0.0007666666666663602,0.0001919132752252545
SE,2023-Q4,4.0764,4.0745933333333335,0.001806666666666068,0.000443201517678851
SE,2024-Q1,4.06354,4.062666666666666,0.0008733333333337256,0.00021491933962351195
SE,2024-Q2,3.82948,3.8247999999999998,0.004680000000000462,0.001222098039420616
SE,2024-Q3,3.45506,3.4483533333333334,0.006706666666666639,0.0019411143848924878
SE,2024-Q4,2.75542,2.73849,0.01692999999999989,0.00614425387055327
